{
	"class_name" : "PinholeCameraTrajectory",
	"parameters": [
			{
	      "class_name": "PinholeCameraParameters",
						"extrinsic" :
							[
								1.0,
								0.0,
								0.0,
								0,
								0.0,
								0.866,
								0.5,
								0,
								0.0,
								-0.5,
								0.866,
								0,
								0.0,
								3.0,
								5.0,
								1
						],
						"intrinsic" :
						{
							"height" : 1025,
							"intrinsic_matrix" :
							[
								887.67603887904966,
								0.0,
								0.0,
								0.0,
								887.67603887904966,
								0.0,
								926.0,
								512.0,
								1.0
							],
							"width" : 1853
						},
						"version_major" : 1,
						"version_minor" : 0
		}
  ],
	"version_major" : 1,
	"version_minor" : 0
}
